file,sample_id,cdr_level,issue
cdr_0/one_person_description/cdr_0_voice1_male_clinic_0055.json,cdr_0_voice1_male_clinic_0055,0,CDR 0 has too many pause events for normal speech
cdr_0/one_person_description/cdr_0_voice1_male_clinic_0292.json,cdr_0_voice1_male_clinic_0292,0,CDR 0 has too many pause events for normal speech
cdr_0/one_person_description/cdr_0_voice1_male_daily_life_0066.json,cdr_0_voice1_male_daily_life_0066,0,CDR 0 has too many pause events for normal speech
cdr_0/one_person_description/cdr_0_voice1_male_daily_life_0109.json,cdr_0_voice1_male_daily_life_0109,0,CDR 0 has too many pause events for normal speech
cdr_0/one_person_description/cdr_0_voice1_male_daily_life_0279.json,cdr_0_voice1_male_daily_life_0279,0,CDR 0 has too many pause events for normal speech
cdr_0/one_person_description/cdr_0_voice1_male_home_0106.json,cdr_0_voice1_male_home_0106,0,CDR 0 has too many pause events for normal speech
cdr_0/one_person_description/cdr_0_voice1_male_medicine_routine_0058.json,cdr_0_voice1_male_medicine_routine_0058,0,CDR 0 has too many pause events for normal speech
cdr_0/one_person_description/cdr_0_voice1_male_picture_description_0147.json,cdr_0_voice1_male_picture_description_0147,0,CDR 0 has too many pause events for normal speech
cdr_0/one_person_description/cdr_0_voice1_male_picture_description_0252.json,cdr_0_voice1_male_picture_description_0252,0,CDR 0 has too many pause events for normal speech
cdr_0/one_person_description/cdr_0_voice2_female_daily_life_0186.json,cdr_0_voice2_female_daily_life_0186,0,CDR 0 has too many pause events for normal speech
cdr_0/one_person_description/cdr_0_voice2_female_family_0256.json,cdr_0_voice2_female_family_0256,0,CDR 0 has too many pause events for normal speech
cdr_0/one_person_description/cdr_0_voice2_female_market_0061.json,cdr_0_voice2_female_market_0061,0,CDR 0 has too many pause events for normal speech
cdr_0/one_person_description/cdr_0_voice2_female_picture_description_0039.json,cdr_0_voice2_female_picture_description_0039,0,CDR 0 has too many pause events for normal speech
cdr_0/one_person_description/cdr_0_voice2_female_picture_description_0183.json,cdr_0_voice2_female_picture_description_0183,0,CDR 0 has too many pause events for normal speech
cdr_0/one_person_description/cdr_0_voice2_female_picture_description_0259.json,cdr_0_voice2_female_picture_description_0259,0,CDR 0 has too many pause events for normal speech
cdr_0/one_person_description/cdr_0_voice3_male_clinic_0085.json,cdr_0_voice3_male_clinic_0085,0,CDR 0 has too many pause events for normal speech
cdr_0/one_person_description/cdr_0_voice3_male_daily_life_0103.json,cdr_0_voice3_male_daily_life_0103,0,CDR 0 has too many pause events for normal speech
cdr_0/one_person_description/cdr_0_voice3_male_family_0138.json,cdr_0_voice3_male_family_0138,0,CDR 0 has too many pause events for normal speech
cdr_0/one_person_description/cdr_0_voice3_male_family_0273.json,cdr_0_voice3_male_family_0273,0,CDR 0 has too many pause events for normal speech
cdr_0/one_person_description/cdr_0_voice3_male_home_0112.json,cdr_0_voice3_male_home_0112,0,CDR 0 has too many pause events for normal speech
cdr_0/one_person_description/cdr_0_voice3_male_home_0280.json,cdr_0_voice3_male_home_0280,0,CDR 0 has too many pause events for normal speech
cdr_0/one_person_description/cdr_0_voice3_male_market_0224.json,cdr_0_voice3_male_market_0224,0,CDR 0 has too many pause events for normal speech
cdr_0/one_person_description/cdr_0_voice3_male_picture_description_0022.json,cdr_0_voice3_male_picture_description_0022,0,CDR 0 has too many pause events for normal speech
cdr_0/one_person_description/cdr_0_voice3_male_picture_description_0032.json,cdr_0_voice3_male_picture_description_0032,0,CDR 0 has too many pause events for normal speech
cdr_0/one_person_description/cdr_0_voice3_male_picture_description_0049.json,cdr_0_voice3_male_picture_description_0049,0,CDR 0 has too many pause events for normal speech
cdr_0/one_person_description/cdr_0_voice3_male_picture_description_0079.json,cdr_0_voice3_male_picture_description_0079,0,CDR 0 has too many pause events for normal speech
cdr_0/one_person_description/cdr_0_voice3_male_picture_description_0172.json,cdr_0_voice3_male_picture_description_0172,0,CDR 0 has too many pause events for normal speech
cdr_0/one_person_description/cdr_0_voice3_male_picture_description_0194.json,cdr_0_voice3_male_picture_description_0194,0,CDR 0 has too many pause events for normal speech
cdr_0/one_person_description/cdr_0_voice3_male_picture_description_0236.json,cdr_0_voice3_male_picture_description_0236,0,CDR 0 has too many pause events for normal speech
cdr_0/one_person_description/cdr_0_voice4_female_clinic_0160.json,cdr_0_voice4_female_clinic_0160,0,CDR 0 has too many pause events for normal speech
cdr_0/one_person_description/cdr_0_voice4_female_daily_life_0132.json,cdr_0_voice4_female_daily_life_0132,0,CDR 0 has too many pause events for normal speech
cdr_0/one_person_description/cdr_0_voice4_female_family_0254.json,cdr_0_voice4_female_family_0254,0,CDR 0 has too many pause events for normal speech
cdr_0/one_person_description/cdr_0_voice4_female_market_0287.json,cdr_0_voice4_female_market_0287,0,CDR 0 has too many pause events for normal speech
cdr_0/one_person_description/cdr_0_voice4_female_picture_description_0052.json,cdr_0_voice4_female_picture_description_0052,0,CDR 0 has too many pause events for normal speech
cdr_0/one_person_description/cdr_0_voice4_female_picture_description_0102.json,cdr_0_voice4_female_picture_description_0102,0,CDR 0 has too many pause events for normal speech
cdr_0/one_person_description/cdr_0_voice4_female_picture_description_0141.json,cdr_0_voice4_female_picture_description_0141,0,CDR 0 has too many pause events for normal speech
cdr_0/one_person_description/cdr_0_voice4_female_picture_description_0148.json,cdr_0_voice4_female_picture_description_0148,0,CDR 0 has too many pause events for normal speech
cdr_0/one_person_description/cdr_0_voice4_female_picture_description_0165.json,cdr_0_voice4_female_picture_description_0165,0,CDR 0 has too many pause events for normal speech
cdr_0/two_person_conversation/cdr_0_voice1_male_clinic_0082.json,cdr_0_voice1_male_clinic_0082,0,CDR 0 has too many pause events for normal speech
cdr_0/two_person_conversation/cdr_0_voice1_male_clinic_0126.json,cdr_0_voice1_male_clinic_0126,0,CDR 0 has too many pause events for normal speech
cdr_0/two_person_conversation/cdr_0_voice1_male_clinic_0250.json,cdr_0_voice1_male_clinic_0250,0,CDR 0 has too many pause events for normal speech
cdr_0/two_person_conversation/cdr_0_voice1_male_daily_life_0217.json,cdr_0_voice1_male_daily_life_0217,0,CDR 0 has too many pause events for normal speech
cdr_0/two_person_conversation/cdr_0_voice1_male_family_0060.json,cdr_0_voice1_male_family_0060,0,CDR 0 has too many pause events for normal speech
cdr_0/two_person_conversation/cdr_0_voice1_male_family_0198.json,cdr_0_voice1_male_family_0198,0,CDR 0 has too many pause events for normal speech
cdr_0/two_person_conversation/cdr_0_voice1_male_home_0152.json,cdr_0_voice1_male_home_0152,0,CDR 0 has too many pause events for normal speech
cdr_0/two_person_conversation/cdr_0_voice1_male_home_0212.json,cdr_0_voice1_male_home_0212,0,CDR 0 has too many pause events for normal speech
cdr_0/two_person_conversation/cdr_0_voice1_male_home_0258.json,cdr_0_voice1_male_home_0258,0,CDR 0 has too many pause events for normal speech
cdr_0/two_person_conversation/cdr_0_voice1_male_market_0221.json,cdr_0_voice1_male_market_0221,0,CDR 0 has too many pause events for normal speech
cdr_0/two_person_conversation/cdr_0_voice1_male_market_0289.json,cdr_0_voice1_male_market_0289,0,CDR 0 has too many pause events for normal speech
cdr_0/two_person_conversation/cdr_0_voice2_female_clinic_0205.json,cdr_0_voice2_female_clinic_0205,0,CDR 0 has too many pause events for normal speech
cdr_0/two_person_conversation/cdr_0_voice2_female_clinic_0226.json,cdr_0_voice2_female_clinic_0226,0,CDR 0 has too many pause events for normal speech
cdr_0/two_person_conversation/cdr_0_voice2_female_daily_life_0084.json,cdr_0_voice2_female_daily_life_0084,0,CDR 0 has too many pause events for normal speech
cdr_0/two_person_conversation/cdr_0_voice2_female_daily_life_0119.json,cdr_0_voice2_female_daily_life_0119,0,CDR 0 has too many pause events for normal speech
cdr_0/two_person_conversation/cdr_0_voice2_female_daily_life_0269.json,cdr_0_voice2_female_daily_life_0269,0,CDR 0 has too many pause events for normal speech
cdr_0/two_person_conversation/cdr_0_voice2_female_daily_life_0276.json,cdr_0_voice2_female_daily_life_0276,0,CDR 0 has too many pause events for normal speech
cdr_0/two_person_conversation/cdr_0_voice2_female_daily_life_0290.json,cdr_0_voice2_female_daily_life_0290,0,CDR 0 has too many pause events for normal speech
cdr_0/two_person_conversation/cdr_0_voice2_female_market_0005.json,cdr_0_voice2_female_market_0005,0,CDR 0 has too many pause events for normal speech
cdr_0/two_person_conversation/cdr_0_voice2_female_medicine_routine_0295.json,cdr_0_voice2_female_medicine_routine_0295,0,CDR 0 has too many pause events for normal speech
cdr_0/two_person_conversation/cdr_0_voice3_male_clinic_0014.json,cdr_0_voice3_male_clinic_0014,0,CDR 0 has too many pause events for normal speech
cdr_0/two_person_conversation/cdr_0_voice3_male_clinic_0017.json,cdr_0_voice3_male_clinic_0017,0,CDR 0 has too many pause events for normal speech
cdr_0/two_person_conversation/cdr_0_voice3_male_clinic_0169.json,cdr_0_voice3_male_clinic_0169,0,CDR 0 has too many pause events for normal speech
cdr_0/two_person_conversation/cdr_0_voice3_male_clinic_0191.json,cdr_0_voice3_male_clinic_0191,0,CDR 0 has too many pause events for normal speech
cdr_0/two_person_conversation/cdr_0_voice3_male_clinic_0233.json,cdr_0_voice3_male_clinic_0233,0,CDR 0 has too many pause events for normal speech
cdr_0/two_person_conversation/cdr_0_voice3_male_clinic_0275.json,cdr_0_voice3_male_clinic_0275,0,CDR 0 has too many pause events for normal speech
cdr_0/two_person_conversation/cdr_0_voice3_male_daily_life_0080.json,cdr_0_voice3_male_daily_life_0080,0,CDR 0 has too many pause events for normal speech
cdr_0/two_person_conversation/cdr_0_voice3_male_daily_life_0202.json,cdr_0_voice3_male_daily_life_0202,0,CDR 0 has too many pause events for normal speech
cdr_0/two_person_conversation/cdr_0_voice3_male_family_0199.json,cdr_0_voice3_male_family_0199,0,CDR 0 has too many pause events for normal speech
cdr_0/two_person_conversation/cdr_0_voice3_male_family_0285.json,cdr_0_voice3_male_family_0285,0,CDR 0 has too many pause events for normal speech
cdr_0/two_person_conversation/cdr_0_voice3_male_home_0078.json,cdr_0_voice3_male_home_0078,0,CDR 0 has too many pause events for normal speech
cdr_0/two_person_conversation/cdr_0_voice3_male_home_0104.json,cdr_0_voice3_male_home_0104,0,CDR 0 has too many pause events for normal speech
cdr_0/two_person_conversation/cdr_0_voice3_male_market_0242.json,cdr_0_voice3_male_market_0242,0,CDR 0 has too many pause events for normal speech
cdr_0/two_person_conversation/cdr_0_voice3_male_medicine_routine_0025.json,cdr_0_voice3_male_medicine_routine_0025,0,CDR 0 has too many pause events for normal speech
cdr_0/two_person_conversation/cdr_0_voice3_male_medicine_routine_0034.json,cdr_0_voice3_male_medicine_routine_0034,0,CDR 0 has too many pause events for normal speech
cdr_0/two_person_conversation/cdr_0_voice3_male_medicine_routine_0184.json,cdr_0_voice3_male_medicine_routine_0184,0,CDR 0 has too many pause events for normal speech
cdr_0/two_person_conversation/cdr_0_voice3_male_medicine_routine_0297.json,cdr_0_voice3_male_medicine_routine_0297,0,CDR 0 has too many pause events for normal speech
cdr_0/two_person_conversation/cdr_0_voice4_female_clinic_0215.json,cdr_0_voice4_female_clinic_0215,0,CDR 0 has too many pause events for normal speech
cdr_0/two_person_conversation/cdr_0_voice4_female_family_0113.json,cdr_0_voice4_female_family_0113,0,CDR 0 has too many pause events for normal speech
cdr_0/two_person_conversation/cdr_0_voice4_female_family_0131.json,cdr_0_voice4_female_family_0131,0,CDR 0 has too many pause events for normal speech
cdr_0/two_person_conversation/cdr_0_voice4_female_family_0177.json,cdr_0_voice4_female_family_0177,0,CDR 0 has too many pause events for normal speech
cdr_0/two_person_conversation/cdr_0_voice4_female_market_0123.json,cdr_0_voice4_female_market_0123,0,CDR 0 has too many pause events for normal speech
cdr_0/two_person_conversation/cdr_0_voice4_female_market_0142.json,cdr_0_voice4_female_market_0142,0,CDR 0 has too many pause events for normal speech
cdr_0/two_person_conversation/cdr_0_voice4_female_market_0235.json,cdr_0_voice4_female_market_0235,0,CDR 0 has too many pause events for normal speech
cdr_0/two_person_conversation/cdr_0_voice4_female_market_0247.json,cdr_0_voice4_female_market_0247,0,CDR 0 has too many pause events for normal speech
cdr_0/two_person_conversation/cdr_0_voice4_female_market_0261.json,cdr_0_voice4_female_market_0261,0,CDR 0 has too many pause events for normal speech
cdr_0/two_person_conversation/cdr_0_voice4_female_medicine_routine_0214.json,cdr_0_voice4_female_medicine_routine_0214,0,CDR 0 has too many pause events for normal speech
cdr_0_5/one_person_description/cdr_0_5_voice1_male_clinic_0562.json,cdr_0_5_voice1_male_clinic_0562,0.5,CDR 0.5 may be too impaired
cdr_0_5/one_person_description/cdr_0_5_voice1_male_clinic_0574.json,cdr_0_5_voice1_male_clinic_0574,0.5,CDR 0.5 may be too impaired
cdr_0_5/one_person_description/cdr_0_5_voice1_male_daily_life_0364.json,cdr_0_5_voice1_male_daily_life_0364,0.5,CDR 0.5 may be too impaired
cdr_0_5/one_person_description/cdr_0_5_voice1_male_daily_life_0366.json,cdr_0_5_voice1_male_daily_life_0366,0.5,CDR 0.5 may be too impaired
cdr_0_5/one_person_description/cdr_0_5_voice1_male_daily_life_0384.json,cdr_0_5_voice1_male_daily_life_0384,0.5,CDR 0.5 may be too impaired
cdr_0_5/one_person_description/cdr_0_5_voice1_male_daily_life_0384.json,cdr_0_5_voice1_male_daily_life_0384,0.5,word_finding_count is not visibly supported
cdr_0_5/one_person_description/cdr_0_5_voice1_male_daily_life_0413.json,cdr_0_5_voice1_male_daily_life_0413,0.5,CDR 0.5 may be too impaired
cdr_0_5/one_person_description/cdr_0_5_voice1_male_daily_life_0486.json,cdr_0_5_voice1_male_daily_life_0486,0.5,CDR 0.5 may be too impaired
cdr_0_5/one_person_description/cdr_0_5_voice1_male_daily_life_0560.json,cdr_0_5_voice1_male_daily_life_0560,0.5,CDR 0.5 may be too impaired
cdr_0_5/one_person_description/cdr_0_5_voice1_male_family_0369.json,cdr_0_5_voice1_male_family_0369,0.5,CDR 0.5 may be too impaired
cdr_0_5/one_person_description/cdr_0_5_voice1_male_family_0504.json,cdr_0_5_voice1_male_family_0504,0.5,CDR 0.5 may be too impaired
cdr_0_5/one_person_description/cdr_0_5_voice1_male_home_0345.json,cdr_0_5_voice1_male_home_0345,0.5,CDR 0.5 may be too impaired
cdr_0_5/one_person_description/cdr_0_5_voice1_male_home_0469.json,cdr_0_5_voice1_male_home_0469,0.5,CDR 0.5 may be too impaired
cdr_0_5/one_person_description/cdr_0_5_voice1_male_market_0446.json,cdr_0_5_voice1_male_market_0446,0.5,CDR 0.5 may be too impaired
cdr_0_5/one_person_description/cdr_0_5_voice1_male_market_0452.json,cdr_0_5_voice1_male_market_0452,0.5,CDR 0.5 may be too impaired
cdr_0_5/one_person_description/cdr_0_5_voice1_male_market_0558.json,cdr_0_5_voice1_male_market_0558,0.5,CDR 0.5 may be too impaired
cdr_0_5/one_person_description/cdr_0_5_voice1_male_market_0558.json,cdr_0_5_voice1_male_market_0558,0.5,word_finding_count is not visibly supported
cdr_0_5/one_person_description/cdr_0_5_voice1_male_medicine_routine_0353.json,cdr_0_5_voice1_male_medicine_routine_0353,0.5,CDR 0.5 may be too impaired
cdr_0_5/one_person_description/cdr_0_5_voice1_male_medicine_routine_0412.json,cdr_0_5_voice1_male_medicine_routine_0412,0.5,CDR 0.5 may be too impaired
cdr_0_5/one_person_description/cdr_0_5_voice1_male_medicine_routine_0488.json,cdr_0_5_voice1_male_medicine_routine_0488,0.5,CDR 0.5 may be too impaired
cdr_0_5/one_person_description/cdr_0_5_voice1_male_picture_description_0028.json,cdr_0_5_voice1_male_picture_description_0028,0.5,CDR 0.5 may be too impaired
cdr_0_5/one_person_description/cdr_0_5_voice1_male_picture_description_0330.json,cdr_0_5_voice1_male_picture_description_0330,0.5,CDR 0.5 may be too impaired
cdr_0_5/one_person_description/cdr_0_5_voice1_male_picture_description_0363.json,cdr_0_5_voice1_male_picture_description_0363,0.5,CDR 0.5 may be too impaired
cdr_0_5/one_person_description/cdr_0_5_voice1_male_picture_description_0573.json,cdr_0_5_voice1_male_picture_description_0573,0.5,CDR 0.5 may be too impaired
cdr_0_5/one_person_description/cdr_0_5_voice2_female_clinic_0429.json,cdr_0_5_voice2_female_clinic_0429,0.5,CDR 0.5 may be too impaired
cdr_0_5/one_person_description/cdr_0_5_voice2_female_family_0329.json,cdr_0_5_voice2_female_family_0329,0.5,CDR 0.5 may be too impaired
cdr_0_5/one_person_description/cdr_0_5_voice2_female_family_0386.json,cdr_0_5_voice2_female_family_0386,0.5,CDR 0.5 may be too impaired
cdr_0_5/one_person_description/cdr_0_5_voice2_female_home_0301.json,cdr_0_5_voice2_female_home_0301,0.5,CDR 0.5 may be too impaired
cdr_0_5/one_person_description/cdr_0_5_voice2_female_home_0561.json,cdr_0_5_voice2_female_home_0561,0.5,CDR 0.5 may be too impaired
cdr_0_5/one_person_description/cdr_0_5_voice2_female_home_0592.json,cdr_0_5_voice2_female_home_0592,0.5,CDR 0.5 may be too impaired
cdr_0_5/one_person_description/cdr_0_5_voice2_female_home_0595.json,cdr_0_5_voice2_female_home_0595,0.5,CDR 0.5 may be too impaired
cdr_0_5/one_person_description/cdr_0_5_voice2_female_market_0371.json,cdr_0_5_voice2_female_market_0371,0.5,CDR 0.5 may be too impaired
cdr_0_5/one_person_description/cdr_0_5_voice2_female_medicine_routine_0319.json,cdr_0_5_voice2_female_medicine_routine_0319,0.5,CDR 0.5 may be too impaired
cdr_0_5/one_person_description/cdr_0_5_voice2_female_picture_description_0367.json,cdr_0_5_voice2_female_picture_description_0367,0.5,CDR 0.5 may be too impaired
cdr_0_5/one_person_description/cdr_0_5_voice2_female_picture_description_0460.json,cdr_0_5_voice2_female_picture_description_0460,0.5,CDR 0.5 may be too impaired
cdr_0_5/one_person_description/cdr_0_5_voice2_female_picture_description_0460.json,cdr_0_5_voice2_female_picture_description_0460,0.5,word_finding_count is not visibly supported
cdr_0_5/one_person_description/cdr_0_5_voice2_female_picture_description_0517.json,cdr_0_5_voice2_female_picture_description_0517,0.5,CDR 0.5 may be too impaired
cdr_0_5/one_person_description/cdr_0_5_voice3_male_clinic_0306.json,cdr_0_5_voice3_male_clinic_0306,0.5,CDR 0.5 may be too impaired
cdr_0_5/one_person_description/cdr_0_5_voice3_male_clinic_0438.json,cdr_0_5_voice3_male_clinic_0438,0.5,CDR 0.5 may be too impaired
cdr_0_5/one_person_description/cdr_0_5_voice3_male_clinic_0477.json,cdr_0_5_voice3_male_clinic_0477,0.5,CDR 0.5 may be too impaired
cdr_0_5/one_person_description/cdr_0_5_voice3_male_family_0322.json,cdr_0_5_voice3_male_family_0322,0.5,CDR 0.5 may be too impaired
cdr_0_5/one_person_description/cdr_0_5_voice3_male_family_0441.json,cdr_0_5_voice3_male_family_0441,0.5,CDR 0.5 may be too impaired
cdr_0_5/one_person_description/cdr_0_5_voice3_male_home_0310.json,cdr_0_5_voice3_male_home_0310,0.5,CDR 0.5 may be too impaired
cdr_0_5/one_person_description/cdr_0_5_voice3_male_home_0499.json,cdr_0_5_voice3_male_home_0499,0.5,CDR 0.5 may be too impaired
cdr_0_5/one_person_description/cdr_0_5_voice3_male_home_0512.json,cdr_0_5_voice3_male_home_0512,0.5,CDR 0.5 may be too impaired
cdr_0_5/one_person_description/cdr_0_5_voice3_male_home_0578.json,cdr_0_5_voice3_male_home_0578,0.5,CDR 0.5 may be too impaired
cdr_0_5/one_person_description/cdr_0_5_voice3_male_home_0596.json,cdr_0_5_voice3_male_home_0596,0.5,CDR 0.5 may be too impaired
cdr_0_5/one_person_description/cdr_0_5_voice3_male_market_0316.json,cdr_0_5_voice3_male_market_0316,0.5,CDR 0.5 may be too impaired
cdr_0_5/one_person_description/cdr_0_5_voice3_male_market_0498.json,cdr_0_5_voice3_male_market_0498,0.5,CDR 0.5 may be too impaired
cdr_0_5/one_person_description/cdr_0_5_voice3_male_medicine_routine_0394.json,cdr_0_5_voice3_male_medicine_routine_0394,0.5,CDR 0.5 may be too impaired
cdr_0_5/one_person_description/cdr_0_5_voice3_male_picture_description_0022.json,cdr_0_5_voice3_male_picture_description_0022,0.5,CDR 0.5 may be too impaired
cdr_0_5/one_person_description/cdr_0_5_voice3_male_picture_description_0327.json,cdr_0_5_voice3_male_picture_description_0327,0.5,CDR 0.5 may be too impaired
cdr_0_5/one_person_description/cdr_0_5_voice3_male_picture_description_0341.json,cdr_0_5_voice3_male_picture_description_0341,0.5,CDR 0.5 may be too impaired
cdr_0_5/one_person_description/cdr_0_5_voice3_male_picture_description_0347.json,cdr_0_5_voice3_male_picture_description_0347,0.5,CDR 0.5 may be too impaired
cdr_0_5/one_person_description/cdr_0_5_voice3_male_picture_description_0489.json,cdr_0_5_voice3_male_picture_description_0489,0.5,CDR 0.5 may be too impaired
cdr_0_5/one_person_description/cdr_0_5_voice3_male_picture_description_0547.json,cdr_0_5_voice3_male_picture_description_0547,0.5,CDR 0.5 may be too impaired
cdr_0_5/one_person_description/cdr_0_5_voice3_male_picture_description_0597.json,cdr_0_5_voice3_male_picture_description_0597,0.5,CDR 0.5 may be too impaired
cdr_0_5/one_person_description/cdr_0_5_voice3_male_picture_description_0600.json,cdr_0_5_voice3_male_picture_description_0600,0.5,CDR 0.5 may be too impaired
cdr_0_5/one_person_description/cdr_0_5_voice4_female_clinic_0030.json,cdr_0_5_voice4_female_clinic_0030,0.5,CDR 0.5 may be too impaired
cdr_0_5/one_person_description/cdr_0_5_voice4_female_clinic_0404.json,cdr_0_5_voice4_female_clinic_0404,0.5,CDR 0.5 may be too impaired
cdr_0_5/one_person_description/cdr_0_5_voice4_female_daily_life_0566.json,cdr_0_5_voice4_female_daily_life_0566,0.5,CDR 0.5 may be too impaired
cdr_0_5/one_person_description/cdr_0_5_voice4_female_daily_life_0598.json,cdr_0_5_voice4_female_daily_life_0598,0.5,CDR 0.5 may be too impaired
cdr_0_5/one_person_description/cdr_0_5_voice4_female_family_0338.json,cdr_0_5_voice4_female_family_0338,0.5,CDR 0.5 may be too impaired
cdr_0_5/one_person_description/cdr_0_5_voice4_female_family_0568.json,cdr_0_5_voice4_female_family_0568,0.5,CDR 0.5 may be too impaired
cdr_0_5/one_person_description/cdr_0_5_voice4_female_home_0331.json,cdr_0_5_voice4_female_home_0331,0.5,CDR 0.5 may be too impaired
cdr_0_5/one_person_description/cdr_0_5_voice4_female_market_0565.json,cdr_0_5_voice4_female_market_0565,0.5,CDR 0.5 may be too impaired
cdr_0_5/one_person_description/cdr_0_5_voice4_female_medicine_routine_0029.json,cdr_0_5_voice4_female_medicine_routine_0029,0.5,CDR 0.5 may be too impaired
cdr_0_5/one_person_description/cdr_0_5_voice4_female_medicine_routine_0358.json,cdr_0_5_voice4_female_medicine_routine_0358,0.5,CDR 0.5 may be too impaired
cdr_0_5/one_person_description/cdr_0_5_voice4_female_picture_description_0408.json,cdr_0_5_voice4_female_picture_description_0408,0.5,CDR 0.5 may be too impaired
cdr_0_5/one_person_description/cdr_0_5_voice4_female_picture_description_0431.json,cdr_0_5_voice4_female_picture_description_0431,0.5,CDR 0.5 may be too impaired
cdr_0_5/one_person_description/cdr_0_5_voice4_female_picture_description_0471.json,cdr_0_5_voice4_female_picture_description_0471,0.5,CDR 0.5 may be too impaired
cdr_0_5/one_person_description/cdr_0_5_voice4_female_picture_description_0503.json,cdr_0_5_voice4_female_picture_description_0503,0.5,CDR 0.5 may be too impaired
cdr_0_5/one_person_description/cdr_0_5_voice4_female_picture_description_0563.json,cdr_0_5_voice4_female_picture_description_0563,0.5,CDR 0.5 may be too impaired
cdr_0_5/one_person_description/cdr_0_5_voice4_female_picture_description_0585.json,cdr_0_5_voice4_female_picture_description_0585,0.5,CDR 0.5 may be too impaired
cdr_0_5/one_person_description/cdr_0_5_voice4_female_picture_description_0588.json,cdr_0_5_voice4_female_picture_description_0588,0.5,CDR 0.5 may be too impaired
cdr_0_5/two_person_conversation/cdr_0_5_voice1_male_clinic_0424.json,cdr_0_5_voice1_male_clinic_0424,0.5,CDR 0.5 may be too impaired
cdr_0_5/two_person_conversation/cdr_0_5_voice1_male_clinic_0589.json,cdr_0_5_voice1_male_clinic_0589,0.5,CDR 0.5 may be too impaired
cdr_0_5/two_person_conversation/cdr_0_5_voice1_male_daily_life_0035.json,cdr_0_5_voice1_male_daily_life_0035,0.5,CDR 0.5 may be too impaired
cdr_0_5/two_person_conversation/cdr_0_5_voice1_male_daily_life_0305.json,cdr_0_5_voice1_male_daily_life_0305,0.5,CDR 0.5 may be too impaired
cdr_0_5/two_person_conversation/cdr_0_5_voice1_male_daily_life_0326.json,cdr_0_5_voice1_male_daily_life_0326,0.5,CDR 0.5 may be too impaired
cdr_0_5/two_person_conversation/cdr_0_5_voice1_male_daily_life_0334.json,cdr_0_5_voice1_male_daily_life_0334,0.5,CDR 0.5 may be too impaired
cdr_0_5/two_person_conversation/cdr_0_5_voice1_male_daily_life_0500.json,cdr_0_5_voice1_male_daily_life_0500,0.5,CDR 0.5 may be too impaired
cdr_0_5/two_person_conversation/cdr_0_5_voice1_male_daily_life_0582.json,cdr_0_5_voice1_male_daily_life_0582,0.5,CDR 0.5 may be too impaired
cdr_0_5/two_person_conversation/cdr_0_5_voice1_male_family_0401.json,cdr_0_5_voice1_male_family_0401,0.5,CDR 0.5 may be too impaired
cdr_0_5/two_person_conversation/cdr_0_5_voice1_male_family_0482.json,cdr_0_5_voice1_male_family_0482,0.5,CDR 0.5 may be too impaired
cdr_0_5/two_person_conversation/cdr_0_5_voice1_male_family_0521.json,cdr_0_5_voice1_male_family_0521,0.5,CDR 0.5 may be too impaired
cdr_0_5/two_person_conversation/cdr_0_5_voice1_male_family_0525.json,cdr_0_5_voice1_male_family_0525,0.5,CDR 0.5 may be too impaired
cdr_0_5/two_person_conversation/cdr_0_5_voice1_male_family_0530.json,cdr_0_5_voice1_male_family_0530,0.5,CDR 0.5 may be too impaired
cdr_0_5/two_person_conversation/cdr_0_5_voice1_male_home_0031.json,cdr_0_5_voice1_male_home_0031,0.5,CDR 0.5 may be too impaired
cdr_0_5/two_person_conversation/cdr_0_5_voice1_male_home_0031.json,cdr_0_5_voice1_male_home_0031,0.5,word_finding_count is not visibly supported
cdr_0_5/two_person_conversation/cdr_0_5_voice1_male_home_0380.json,cdr_0_5_voice1_male_home_0380,0.5,CDR 0.5 may be too impaired
cdr_0_5/two_person_conversation/cdr_0_5_voice1_male_home_0380.json,cdr_0_5_voice1_male_home_0380,0.5,word_finding_count is not visibly supported
cdr_0_5/two_person_conversation/cdr_0_5_voice1_male_home_0416.json,cdr_0_5_voice1_male_home_0416,0.5,CDR 0.5 may be too impaired
cdr_0_5/two_person_conversation/cdr_0_5_voice1_male_home_0447.json,cdr_0_5_voice1_male_home_0447,0.5,CDR 0.5 may be too impaired
cdr_0_5/two_person_conversation/cdr_0_5_voice1_male_home_0459.json,cdr_0_5_voice1_male_home_0459,0.5,CDR 0.5 may be too impaired
cdr_0_5/two_person_conversation/cdr_0_5_voice1_male_home_0459.json,cdr_0_5_voice1_male_home_0459,0.5,word_finding_count is not visibly supported
cdr_0_5/two_person_conversation/cdr_0_5_voice1_male_market_0365.json,cdr_0_5_voice1_male_market_0365,0.5,CDR 0.5 may be too impaired
cdr_0_5/two_person_conversation/cdr_0_5_voice1_male_market_0531.json,cdr_0_5_voice1_male_market_0531,0.5,CDR 0.5 may be too impaired
cdr_0_5/two_person_conversation/cdr_0_5_voice1_male_market_0531.json,cdr_0_5_voice1_male_market_0531,0.5,word_finding_count is not visibly supported
cdr_0_5/two_person_conversation/cdr_0_5_voice1_male_market_0534.json,cdr_0_5_voice1_male_market_0534,0.5,CDR 0.5 may be too impaired
cdr_0_5/two_person_conversation/cdr_0_5_voice1_male_medicine_routine_0385.json,cdr_0_5_voice1_male_medicine_routine_0385,0.5,CDR 0.5 may be too impaired
cdr_0_5/two_person_conversation/cdr_0_5_voice2_female_clinic_0450.json,cdr_0_5_voice2_female_clinic_0450,0.5,CDR 0.5 may be too impaired
cdr_0_5/two_person_conversation/cdr_0_5_voice2_female_daily_life_0564.json,cdr_0_5_voice2_female_daily_life_0564,0.5,CDR 0.5 may be too impaired
cdr_0_5/two_person_conversation/cdr_0_5_voice2_female_family_0575.json,cdr_0_5_voice2_female_family_0575,0.5,CDR 0.5 may be too impaired
cdr_0_5/two_person_conversation/cdr_0_5_voice2_female_family_0576.json,cdr_0_5_voice2_female_family_0576,0.5,CDR 0.5 may be too impaired
cdr_0_5/two_person_conversation/cdr_0_5_voice2_female_home_0368.json,cdr_0_5_voice2_female_home_0368,0.5,CDR 0.5 may be too impaired
cdr_0_5/two_person_conversation/cdr_0_5_voice2_female_home_0387.json,cdr_0_5_voice2_female_home_0387,0.5,CDR 0.5 may be too impaired
cdr_0_5/two_person_conversation/cdr_0_5_voice2_female_home_0421.json,cdr_0_5_voice2_female_home_0421,0.5,CDR 0.5 may be too impaired
cdr_0_5/two_person_conversation/cdr_0_5_voice2_female_home_0479.json,cdr_0_5_voice2_female_home_0479,0.5,CDR 0.5 may be too impaired
cdr_0_5/two_person_conversation/cdr_0_5_voice2_female_home_0532.json,cdr_0_5_voice2_female_home_0532,0.5,CDR 0.5 may be too impaired
cdr_0_5/two_person_conversation/cdr_0_5_voice2_female_market_0021.json,cdr_0_5_voice2_female_market_0021,0.5,CDR 0.5 may be too impaired
cdr_0_5/two_person_conversation/cdr_0_5_voice2_female_market_0393.json,cdr_0_5_voice2_female_market_0393,0.5,CDR 0.5 may be too impaired
cdr_0_5/two_person_conversation/cdr_0_5_voice2_female_market_0451.json,cdr_0_5_voice2_female_market_0451,0.5,CDR 0.5 may be too impaired
cdr_0_5/two_person_conversation/cdr_0_5_voice2_female_medicine_routine_0325.json,cdr_0_5_voice2_female_medicine_routine_0325,0.5,CDR 0.5 may be too impaired
cdr_0_5/two_person_conversation/cdr_0_5_voice2_female_medicine_routine_0552.json,cdr_0_5_voice2_female_medicine_routine_0552,0.5,CDR 0.5 may be too impaired
cdr_0_5/two_person_conversation/cdr_0_5_voice3_male_daily_life_0314.json,cdr_0_5_voice3_male_daily_life_0314,0.5,CDR 0.5 may be too impaired
cdr_0_5/two_person_conversation/cdr_0_5_voice3_male_daily_life_0415.json,cdr_0_5_voice3_male_daily_life_0415,0.5,CDR 0.5 may be too impaired
cdr_0_5/two_person_conversation/cdr_0_5_voice3_male_daily_life_0462.json,cdr_0_5_voice3_male_daily_life_0462,0.5,CDR 0.5 may be too impaired
cdr_0_5/two_person_conversation/cdr_0_5_voice3_male_family_0328.json,cdr_0_5_voice3_male_family_0328,0.5,CDR 0.5 may be too impaired
cdr_0_5/two_person_conversation/cdr_0_5_voice3_male_family_0382.json,cdr_0_5_voice3_male_family_0382,0.5,CDR 0.5 may be too impaired
cdr_0_5/two_person_conversation/cdr_0_5_voice3_male_family_0382.json,cdr_0_5_voice3_male_family_0382,0.5,word_finding_count is not visibly supported
cdr_0_5/two_person_conversation/cdr_0_5_voice3_male_family_0511.json,cdr_0_5_voice3_male_family_0511,0.5,CDR 0.5 may be too impaired
cdr_0_5/two_person_conversation/cdr_0_5_voice3_male_family_0549.json,cdr_0_5_voice3_male_family_0549,0.5,CDR 0.5 may be too impaired
cdr_0_5/two_person_conversation/cdr_0_5_voice3_male_family_0549.json,cdr_0_5_voice3_male_family_0549,0.5,word_finding_count is not visibly supported
cdr_0_5/two_person_conversation/cdr_0_5_voice3_male_family_0593.json,cdr_0_5_voice3_male_family_0593,0.5,CDR 0.5 may be too impaired
cdr_0_5/two_person_conversation/cdr_0_5_voice3_male_home_0038.json,cdr_0_5_voice3_male_home_0038,0.5,CDR 0.5 may be too impaired
cdr_0_5/two_person_conversation/cdr_0_5_voice3_male_home_0309.json,cdr_0_5_voice3_male_home_0309,0.5,CDR 0.5 may be too impaired
cdr_0_5/two_person_conversation/cdr_0_5_voice3_male_home_0362.json,cdr_0_5_voice3_male_home_0362,0.5,CDR 0.5 may be too impaired
cdr_0_5/two_person_conversation/cdr_0_5_voice3_male_home_0474.json,cdr_0_5_voice3_male_home_0474,0.5,CDR 0.5 may be too impaired
cdr_0_5/two_person_conversation/cdr_0_5_voice3_male_market_0508.json,cdr_0_5_voice3_male_market_0508,0.5,CDR 0.5 may be too impaired
cdr_0_5/two_person_conversation/cdr_0_5_voice3_male_medicine_routine_0034.json,cdr_0_5_voice3_male_medicine_routine_0034,0.5,CDR 0.5 may be too impaired
cdr_0_5/two_person_conversation/cdr_0_5_voice3_male_medicine_routine_0490.json,cdr_0_5_voice3_male_medicine_routine_0490,0.5,CDR 0.5 may be too impaired
cdr_0_5/two_person_conversation/cdr_0_5_voice4_female_clinic_0372.json,cdr_0_5_voice4_female_clinic_0372,0.5,CDR 0.5 may be too impaired
cdr_0_5/two_person_conversation/cdr_0_5_voice4_female_clinic_0414.json,cdr_0_5_voice4_female_clinic_0414,0.5,CDR 0.5 may be too impaired
cdr_0_5/two_person_conversation/cdr_0_5_voice4_female_clinic_0455.json,cdr_0_5_voice4_female_clinic_0455,0.5,CDR 0.5 may be too impaired
cdr_0_5/two_person_conversation/cdr_0_5_voice4_female_clinic_0455.json,cdr_0_5_voice4_female_clinic_0455,0.5,word_finding_count is not visibly supported
cdr_0_5/two_person_conversation/cdr_0_5_voice4_female_clinic_0540.json,cdr_0_5_voice4_female_clinic_0540,0.5,CDR 0.5 may be too impaired
cdr_0_5/two_person_conversation/cdr_0_5_voice4_female_family_0587.json,cdr_0_5_voice4_female_family_0587,0.5,CDR 0.5 may be too impaired
cdr_0_5/two_person_conversation/cdr_0_5_voice4_female_family_0587.json,cdr_0_5_voice4_female_family_0587,0.5,word_finding_count is not visibly supported
cdr_0_5/two_person_conversation/cdr_0_5_voice4_female_home_0321.json,cdr_0_5_voice4_female_home_0321,0.5,CDR 0.5 may be too impaired
cdr_0_5/two_person_conversation/cdr_0_5_voice4_female_home_0422.json,cdr_0_5_voice4_female_home_0422,0.5,CDR 0.5 may be too impaired
cdr_0_5/two_person_conversation/cdr_0_5_voice4_female_home_0443.json,cdr_0_5_voice4_female_home_0443,0.5,CDR 0.5 may be too impaired
cdr_0_5/two_person_conversation/cdr_0_5_voice4_female_home_0443.json,cdr_0_5_voice4_female_home_0443,0.5,word_finding_count is not visibly supported
cdr_0_5/two_person_conversation/cdr_0_5_voice4_female_home_0516.json,cdr_0_5_voice4_female_home_0516,0.5,CDR 0.5 may be too impaired
cdr_0_5/two_person_conversation/cdr_0_5_voice4_female_market_0526.json,cdr_0_5_voice4_female_market_0526,0.5,CDR 0.5 may be too impaired
cdr_0_5/two_person_conversation/cdr_0_5_voice4_female_market_0583.json,cdr_0_5_voice4_female_market_0583,0.5,CDR 0.5 may be too impaired
cdr_0_5/two_person_conversation/cdr_0_5_voice4_female_medicine_routine_0392.json,cdr_0_5_voice4_female_medicine_routine_0392,0.5,CDR 0.5 may be too impaired
cdr_0_5/two_person_conversation/cdr_0_5_voice4_female_medicine_routine_0440.json,cdr_0_5_voice4_female_medicine_routine_0440,0.5,CDR 0.5 may be too impaired
cdr_0_5/two_person_conversation/cdr_0_5_voice4_female_medicine_routine_0454.json,cdr_0_5_voice4_female_medicine_routine_0454,0.5,CDR 0.5 may be too impaired
cdr_0_5/two_person_conversation/cdr_0_5_voice4_female_medicine_routine_0535.json,cdr_0_5_voice4_female_medicine_routine_0535,0.5,CDR 0.5 may be too impaired
cdr_1/one_person_description/cdr_1_voice2_female_picture_description_0756.json,cdr_1_voice2_female_picture_description_0756,1,CDR 1 may be too normal
cdr_1/one_person_description/cdr_1_voice4_female_picture_description_0641.json,cdr_1_voice4_female_picture_description_0641,1,CDR 1 may be too normal
cdr_1/two_person_conversation/cdr_1_voice2_female_family_0639.json,cdr_1_voice2_female_family_0639,1,word_finding_count is not visibly supported
cdr_1/two_person_conversation/cdr_1_voice3_male_clinic_0778.json,cdr_1_voice3_male_clinic_0778,1,word_finding_count is not visibly supported
cdr_2/one_person_description/cdr_2_voice1_male_picture_description_0062.json,cdr_2_voice1_male_picture_description_0062,2,CDR 2 picture description may be too complete
cdr_2/one_person_description/cdr_2_voice1_male_picture_description_0802.json,cdr_2_voice1_male_picture_description_0802,2,CDR 2 picture description may be too complete
cdr_2/one_person_description/cdr_2_voice1_male_picture_description_0815.json,cdr_2_voice1_male_picture_description_0815,2,CDR 2 picture description may be too complete
cdr_2/one_person_description/cdr_2_voice1_male_picture_description_0821.json,cdr_2_voice1_male_picture_description_0821,2,CDR 2 picture description may be too complete
cdr_2/one_person_description/cdr_2_voice1_male_picture_description_0827.json,cdr_2_voice1_male_picture_description_0827,2,CDR 2 picture description may be too complete
cdr_2/one_person_description/cdr_2_voice1_male_picture_description_0842.json,cdr_2_voice1_male_picture_description_0842,2,CDR 2 picture description may be too complete
cdr_2/one_person_description/cdr_2_voice1_male_picture_description_0850.json,cdr_2_voice1_male_picture_description_0850,2,CDR 2 picture description may be too complete
cdr_2/one_person_description/cdr_2_voice1_male_picture_description_0856.json,cdr_2_voice1_male_picture_description_0856,2,CDR 2 picture description may be too complete
cdr_2/one_person_description/cdr_2_voice1_male_picture_description_0863.json,cdr_2_voice1_male_picture_description_0863,2,CDR 2 picture description may be too complete
cdr_2/one_person_description/cdr_2_voice1_male_picture_description_0873.json,cdr_2_voice1_male_picture_description_0873,2,CDR 2 picture description may be too complete
cdr_2/one_person_description/cdr_2_voice1_male_picture_description_0874.json,cdr_2_voice1_male_picture_description_0874,2,CDR 2 picture description may be too complete
cdr_2/one_person_description/cdr_2_voice1_male_picture_description_0876.json,cdr_2_voice1_male_picture_description_0876,2,CDR 2 picture description may be too complete
cdr_2/one_person_description/cdr_2_voice1_male_picture_description_0879.json,cdr_2_voice1_male_picture_description_0879,2,CDR 2 picture description may be too complete
cdr_2/one_person_description/cdr_2_voice1_male_picture_description_0884.json,cdr_2_voice1_male_picture_description_0884,2,CDR 2 picture description may be too complete
cdr_2/one_person_description/cdr_2_voice1_male_picture_description_0887.json,cdr_2_voice1_male_picture_description_0887,2,CDR 2 picture description may be too complete
cdr_2/one_person_description/cdr_2_voice1_male_picture_description_0892.json,cdr_2_voice1_male_picture_description_0892,2,CDR 2 picture description may be too complete
cdr_2/one_person_description/cdr_2_voice1_male_picture_description_0893.json,cdr_2_voice1_male_picture_description_0893,2,CDR 2 picture description may be too complete
cdr_2/one_person_description/cdr_2_voice1_male_picture_description_0903.json,cdr_2_voice1_male_picture_description_0903,2,CDR 2 picture description may be too complete
cdr_2/one_person_description/cdr_2_voice2_female_picture_description_0068.json,cdr_2_voice2_female_picture_description_0068,2,CDR 2 picture description may be too complete
cdr_2/one_person_description/cdr_2_voice2_female_picture_description_0074.json,cdr_2_voice2_female_picture_description_0074,2,CDR 2 picture description may be too complete
cdr_2/one_person_description/cdr_2_voice2_female_picture_description_0816.json,cdr_2_voice2_female_picture_description_0816,2,CDR 2 picture description may be too complete
cdr_2/one_person_description/cdr_2_voice2_female_picture_description_0822.json,cdr_2_voice2_female_picture_description_0822,2,CDR 2 picture description may be too complete
cdr_2/one_person_description/cdr_2_voice2_female_picture_description_0839.json,cdr_2_voice2_female_picture_description_0839,2,CDR 2 picture description may be too complete
cdr_2/one_person_description/cdr_2_voice2_female_picture_description_0845.json,cdr_2_voice2_female_picture_description_0845,2,CDR 2 picture description may be too complete
cdr_2/one_person_description/cdr_2_voice2_female_picture_description_0861.json,cdr_2_voice2_female_picture_description_0861,2,CDR 2 picture description may be too complete
cdr_2/one_person_description/cdr_2_voice2_female_picture_description_0865.json,cdr_2_voice2_female_picture_description_0865,2,CDR 2 picture description may be too complete
cdr_2/one_person_description/cdr_2_voice2_female_picture_description_0872.json,cdr_2_voice2_female_picture_description_0872,2,CDR 2 picture description may be too complete
cdr_2/one_person_description/cdr_2_voice2_female_picture_description_0883.json,cdr_2_voice2_female_picture_description_0883,2,CDR 2 picture description may be too complete
cdr_2/one_person_description/cdr_2_voice2_female_picture_description_0898.json,cdr_2_voice2_female_picture_description_0898,2,CDR 2 picture description may be too complete
cdr_2/one_person_description/cdr_2_voice2_female_picture_description_0900.json,cdr_2_voice2_female_picture_description_0900,2,CDR 2 picture description may be too complete
cdr_2/one_person_description/cdr_2_voice2_female_picture_description_0912.json,cdr_2_voice2_female_picture_description_0912,2,CDR 2 picture description may be too complete
cdr_2/one_person_description/cdr_2_voice3_male_picture_description_0067.json,cdr_2_voice3_male_picture_description_0067,2,CDR 2 picture description may be too complete
cdr_2/one_person_description/cdr_2_voice3_male_picture_description_0073.json,cdr_2_voice3_male_picture_description_0073,2,CDR 2 picture description may be too complete
cdr_2/one_person_description/cdr_2_voice3_male_picture_description_0079.json,cdr_2_voice3_male_picture_description_0079,2,CDR 2 picture description may be too complete
cdr_2/one_person_description/cdr_2_voice3_male_picture_description_0808.json,cdr_2_voice3_male_picture_description_0808,2,CDR 2 picture description may be too complete
cdr_2/one_person_description/cdr_2_voice3_male_picture_description_0849.json,cdr_2_voice3_male_picture_description_0849,2,CDR 2 picture description may be too complete
cdr_2/one_person_description/cdr_2_voice3_male_picture_description_0853.json,cdr_2_voice3_male_picture_description_0853,2,CDR 2 picture description may be too complete
cdr_2/one_person_description/cdr_2_voice3_male_picture_description_0859.json,cdr_2_voice3_male_picture_description_0859,2,CDR 2 picture description may be too complete
cdr_2/one_person_description/cdr_2_voice3_male_picture_description_0890.json,cdr_2_voice3_male_picture_description_0890,2,CDR 2 picture description may be too complete
cdr_2/one_person_description/cdr_2_voice4_female_picture_description_0064.json,cdr_2_voice4_female_picture_description_0064,2,CDR 2 picture description may be too complete
cdr_2/one_person_description/cdr_2_voice4_female_picture_description_0065.json,cdr_2_voice4_female_picture_description_0065,2,CDR 2 picture description may be too complete
cdr_2/one_person_description/cdr_2_voice4_female_picture_description_0805.json,cdr_2_voice4_female_picture_description_0805,2,CDR 2 picture description may be too complete
cdr_2/one_person_description/cdr_2_voice4_female_picture_description_0813.json,cdr_2_voice4_female_picture_description_0813,2,CDR 2 picture description may be too complete
cdr_2/one_person_description/cdr_2_voice4_female_picture_description_0833.json,cdr_2_voice4_female_picture_description_0833,2,CDR 2 picture description may be too complete
cdr_2/one_person_description/cdr_2_voice4_female_picture_description_0837.json,cdr_2_voice4_female_picture_description_0837,2,CDR 2 picture description may be too complete
cdr_2/one_person_description/cdr_2_voice4_female_picture_description_0851.json,cdr_2_voice4_female_picture_description_0851,2,CDR 2 picture description may be too complete
cdr_2/one_person_description/cdr_2_voice4_female_picture_description_0875.json,cdr_2_voice4_female_picture_description_0875,2,CDR 2 picture description may be too complete
cdr_2/one_person_description/cdr_2_voice4_female_picture_description_0885.json,cdr_2_voice4_female_picture_description_0885,2,CDR 2 picture description may be too complete
cdr_2/one_person_description/cdr_2_voice4_female_picture_description_0889.json,cdr_2_voice4_female_picture_description_0889,2,CDR 2 picture description may be too complete
cdr_2/one_person_description/cdr_2_voice4_female_picture_description_0901.json,cdr_2_voice4_female_picture_description_0901,2,CDR 2 picture description may be too complete
cdr_2/one_person_description/cdr_2_voice4_female_picture_description_0905.json,cdr_2_voice4_female_picture_description_0905,2,CDR 2 picture description may be too complete
cdr_2/one_person_description/cdr_2_voice4_female_picture_description_0909.json,cdr_2_voice4_female_picture_description_0909,2,CDR 2 picture description may be too complete
cdr_3/two_person_conversation/cdr_3_voice1_male_clinic_0082.json,cdr_3_voice1_male_clinic_0082,3,CDR 3 sample may be too long/fluent
cdr_3/two_person_conversation/cdr_3_voice1_male_daily_life_0933.json,cdr_3_voice1_male_daily_life_0933,3,CDR 3 sample may be too long/fluent
cdr_3/two_person_conversation/cdr_3_voice1_male_daily_life_0992.json,cdr_3_voice1_male_daily_life_0992,3,CDR 3 sample may be too long/fluent
cdr_3/two_person_conversation/cdr_3_voice1_male_daily_life_0997.json,cdr_3_voice1_male_daily_life_0997,3,CDR 3 sample may be too long/fluent
cdr_3/two_person_conversation/cdr_3_voice1_male_family_0999.json,cdr_3_voice1_male_family_0999,3,CDR 3 sample may be too long/fluent
cdr_3/two_person_conversation/cdr_3_voice1_male_home_0083.json,cdr_3_voice1_male_home_0083,3,CDR 3 sample may be too long/fluent
cdr_3/two_person_conversation/cdr_3_voice1_male_home_0946.json,cdr_3_voice1_male_home_0946,3,CDR 3 sample may be too long/fluent
cdr_3/two_person_conversation/cdr_3_voice1_male_home_0994.json,cdr_3_voice1_male_home_0994,3,CDR 3 sample may be too long/fluent
cdr_3/two_person_conversation/cdr_3_voice1_male_market_0926.json,cdr_3_voice1_male_market_0926,3,CDR 3 sample may be too long/fluent
cdr_3/two_person_conversation/cdr_3_voice1_male_medicine_routine_0987.json,cdr_3_voice1_male_medicine_routine_0987,3,CDR 3 sample may be too long/fluent
cdr_3/two_person_conversation/cdr_3_voice2_female_daily_life_0095.json,cdr_3_voice2_female_daily_life_0095,3,CDR 3 sample may be too long/fluent
cdr_3/two_person_conversation/cdr_3_voice2_female_daily_life_0931.json,cdr_3_voice2_female_daily_life_0931,3,CDR 3 sample may be too long/fluent
cdr_3/two_person_conversation/cdr_3_voice2_female_daily_life_0961.json,cdr_3_voice2_female_daily_life_0961,3,CDR 3 sample may be too long/fluent
cdr_3/two_person_conversation/cdr_3_voice2_female_family_0094.json,cdr_3_voice2_female_family_0094,3,CDR 3 sample may be too long/fluent
cdr_3/two_person_conversation/cdr_3_voice2_female_family_0988.json,cdr_3_voice2_female_family_0988,3,CDR 3 sample may be too long/fluent
cdr_3/two_person_conversation/cdr_3_voice2_female_market_0923.json,cdr_3_voice2_female_market_0923,3,CDR 3 sample may be too long/fluent
cdr_3/two_person_conversation/cdr_3_voice2_female_market_0975.json,cdr_3_voice2_female_market_0975,3,CDR 3 sample may be too long/fluent
cdr_3/two_person_conversation/cdr_3_voice2_female_medicine_routine_0959.json,cdr_3_voice2_female_medicine_routine_0959,3,CDR 3 sample may be too long/fluent
cdr_3/two_person_conversation/cdr_3_voice3_male_daily_life_0096.json,cdr_3_voice3_male_daily_life_0096,3,CDR 3 sample may be too long/fluent
cdr_3/two_person_conversation/cdr_3_voice3_male_daily_life_0925.json,cdr_3_voice3_male_daily_life_0925,3,CDR 3 sample may be too long/fluent
cdr_3/two_person_conversation/cdr_3_voice3_male_family_0953.json,cdr_3_voice3_male_family_0953,3,CDR 3 sample may be too long/fluent
cdr_3/two_person_conversation/cdr_3_voice3_male_family_0974.json,cdr_3_voice3_male_family_0974,3,CDR 3 sample may be too long/fluent
cdr_3/two_person_conversation/cdr_3_voice3_male_home_0936.json,cdr_3_voice3_male_home_0936,3,CDR 3 sample may be too long/fluent
cdr_3/two_person_conversation/cdr_3_voice3_male_home_0942.json,cdr_3_voice3_male_home_0942,3,CDR 3 sample may be too long/fluent
cdr_3/two_person_conversation/cdr_3_voice3_male_market_0985.json,cdr_3_voice3_male_market_0985,3,CDR 3 sample may be too long/fluent
cdr_3/two_person_conversation/cdr_3_voice3_male_medicine_routine_0950.json,cdr_3_voice3_male_medicine_routine_0950,3,CDR 3 sample may be too long/fluent
cdr_3/two_person_conversation/cdr_3_voice3_male_medicine_routine_0972.json,cdr_3_voice3_male_medicine_routine_0972,3,CDR 3 sample may be too long/fluent
cdr_3/two_person_conversation/cdr_3_voice4_female_clinic_0966.json,cdr_3_voice4_female_clinic_0966,3,CDR 3 sample may be too long/fluent
cdr_3/two_person_conversation/cdr_3_voice4_female_market_0937.json,cdr_3_voice4_female_market_0937,3,CDR 3 sample may be too long/fluent
cdr_3/two_person_conversation/cdr_3_voice4_female_market_0990.json,cdr_3_voice4_female_market_0990,3,CDR 3 sample may be too long/fluent
cdr_3/two_person_conversation/cdr_3_voice4_female_medicine_routine_0949.json,cdr_3_voice4_female_medicine_routine_0949,3,CDR 3 sample may be too long/fluent
